Title,URL
"Learn
                    HTML",https://www.w3schools.com/html/default.asp
"Learn
                    CSS",https://www.w3schools.com/css/default.asp
"Learn
                    RWD",https://www.w3schools.com/css/css_rwd_intro.asp
"Learn
                    Bootstrap",https://www.w3schools.com/bootstrap/bootstrap_ver.asp
"Learn
                    W3.CSS",https://www.w3schools.com/w3css/default.asp
"Learn
                    Sass",https://www.w3schools.com/sass/default.php
"Learn
                    Colors",https://www.w3schools.com/colors/default.asp
"Learn
                    Icons",https://www.w3schools.com/icons/default.asp
"Learn
                    SVG",https://www.w3schools.com/graphics/svg_intro.asp
"Learn
                    Canvas",https://www.w3schools.com/graphics/canvas_intro.asp
"Learn
                    Graphics",https://www.w3schools.com/graphics/default.asp
"Learn
                    Character Sets",https://www.w3schools.com/charsets/default.asp
"Learn
                    How To",https://www.w3schools.com/howto/default.asp
"Learn
                    AI",https://www.w3schools.com/ai/default.asp
"Learn
                    Generative AI",https://www.w3schools.com/gen_ai/index.php
"Learn
                    ChatGPT-3.5",https://www.w3schools.com/gen_ai/chatgpt-3-5/index.php
"Learn
                    ChatGPT-4",https://www.w3schools.com/gen_ai/chatgpt-4/index.php
"Learn
                    Google Bard",https://www.w3schools.com/gen_ai/bard/index.php
"Learn
                    Machine Learning",https://www.w3schools.com/python/python_ml_getting_started.asp
"Learn
                    DSA",https://www.w3schools.com/dsa/index.php
"Learn
                    Data Science",https://www.w3schools.com/datascience/default.asp
"Learn
                    NumPy",https://www.w3schools.com/python/numpy/default.asp
"Learn
                    Pandas",https://www.w3schools.com/python/pandas/default.asp
"Learn
                    SciPy",https://www.w3schools.com/python/scipy/index.php
"Learn
                    Matplotlib",https://www.w3schools.com/python/matplotlib_intro.asp
"Learn
                    Statistics",https://www.w3schools.com/statistics/index.php
"Learn
                    Excel",https://www.w3schools.com/excel/index.php
"Learn
                    Google Sheets",https://www.w3schools.com/googlesheets/index.php
"Create a Website
                    
                      HOT!",https://www.w3schools.com/spaces/index.php
"Create a Server
                    NEW",https://www.w3schools.com/spaces/index.php
Where To Start,https://www.w3schools.com/where_to_start.asp
Web Templates,https://www.w3schools.com/w3css/w3css_templates.asp
Web Statistics,https://www.w3schools.com/browsers/default.asp
Web Certificates,https://www.w3schools.comhttps://campus.w3schools.com
Web Development,https://www.w3schools.com/whatis/default.asp
Code Editor,https://www.w3schools.com/tryit/default.asp
Test Your Typing Speed,https://www.w3schools.com/typingspeed/default.asp
Play a Code Game,https://www.w3schools.com/codegame/index.html
Cyber Security,https://www.w3schools.com/cybersecurity/index.php
Accessibility,https://www.w3schools.com/accessibility/index.php
Join our Newsletter,https://www.w3schools.comhttps://campus.w3schools.com/pages/newsletter
"Learn
                    JavaScript",https://www.w3schools.com/js/default.asp
"Learn
                    React",https://www.w3schools.com/react/default.asp
"Learn
                    jQuery",https://www.w3schools.com/jquery/default.asp
"Learn
                    Vue",https://www.w3schools.com/vue/index.php
"Learn
                    AngularJS",https://www.w3schools.com/angular/default.asp
"Learn
                    JSON",https://www.w3schools.com/js/js_json_intro.asp
"Learn
                    AJAX",https://www.w3schools.com/js/js_ajax_intro.asp
"Learn
                    AppML",https://www.w3schools.com/appml/default.asp
"Learn
                    W3.JS",https://www.w3schools.com/w3js/default.asp
"Create a Website
                    
                      HOT!",https://www.w3schools.com/spaces/index.php
"Create a Server
                    NEW",https://www.w3schools.com/spaces/index.php
Where To Start,https://www.w3schools.com/where_to_start.asp
Web Templates,https://www.w3schools.com/w3css/w3css_templates.asp
Web Statistics,https://www.w3schools.com/browsers/default.asp
Web Certificates,https://www.w3schools.comhttps://campus.w3schools.com
Web Development,https://www.w3schools.com/whatis/default.asp
Code Editor,https://www.w3schools.com/tryit/default.asp
Test Your Typing Speed,https://www.w3schools.com/typingspeed/default.asp
Play a Code Game,https://www.w3schools.com/codegame/index.html
Cyber Security,https://www.w3schools.com/cybersecurity/index.php
Accessibility,https://www.w3schools.com/accessibility/index.php
Join our Newsletter,https://www.w3schools.comhttps://campus.w3schools.com/pages/newsletter
"Learn
                    Python",https://www.w3schools.com/python/default.asp
"Learn
                    SQL",https://www.w3schools.com/sql/default.asp
"Learn
                    MySQL",https://www.w3schools.com/mysql/default.asp
"Learn
                    PHP",https://www.w3schools.com/php/default.asp
"Learn
                    Java",https://www.w3schools.com/java/default.asp
"Learn
                    C",https://www.w3schools.com/c/index.php
"Learn
                    C++",https://www.w3schools.com/cpp/default.asp
"Learn
                    C#",https://www.w3schools.com/cs/index.php
"Learn
                    R",https://www.w3schools.com/r/default.asp
"Learn
                    Kotlin",https://www.w3schools.com/kotlin/index.php
"Learn
                    Go",https://www.w3schools.com/go/index.php
"Learn
                    Django",https://www.w3schools.com/django/index.php
"Learn
                    PostgreSQL",https://www.w3schools.com/postgresql/index.php
"Learn
                    TypeScript",https://www.w3schools.com/typescript/index.php
"Learn
                    ASP",https://www.w3schools.com/asp/default.asp
"Learn
                    Node.js",https://www.w3schools.com/nodejs/default.asp
"Learn
                    Raspberry Pi",https://www.w3schools.com/nodejs/nodejs_raspberrypi.asp
"Learn
                    Git",https://www.w3schools.com/git/default.asp
"Learn
                    MongoDB",https://www.w3schools.com/mongodb/index.php
"Learn
                    AWS Cloud",https://www.w3schools.com/aws/index.php
"Learn
                    XML",https://www.w3schools.com/xml/default.asp
"Learn
                    AI",https://www.w3schools.com/ai/default.asp
"Learn
                    Generative AI",https://www.w3schools.com/gen_ai/index.php
"Learn
                    ChatGPT-3.5",https://www.w3schools.com/gen_ai/chatgpt-3-5/index.php
"Learn
                    ChatGPT-4",https://www.w3schools.com/gen_ai/chatgpt-4/index.php
"Learn
                    Google Bard",https://www.w3schools.com/gen_ai/bard/index.php
"Learn
                    Machine Learning",https://www.w3schools.com/python/python_ml_getting_started.asp
"Learn
                    DSA",https://www.w3schools.com/dsa/index.php
"Learn
                    Data Science",https://www.w3schools.com/datascience/default.asp
"Learn
                    NumPy",https://www.w3schools.com/python/numpy/default.asp
"Learn
                    Pandas",https://www.w3schools.com/python/pandas/default.asp
"Learn
                    SciPy",https://www.w3schools.com/python/scipy/index.php
"Learn
                    Matplotlib",https://www.w3schools.com/python/matplotlib_intro.asp
"Learn
                    Statistics",https://www.w3schools.com/statistics/index.php
"Learn
                    Excel",https://www.w3schools.com/excel/index.php
"Learn
                    Google Sheets",https://www.w3schools.com/googlesheets/index.php
"Create a Website
                    
                      HOT!",https://www.w3schools.com/spaces/index.php
"Create a Server
                    NEW",https://www.w3schools.com/spaces/index.php
Where To Start,https://www.w3schools.com/where_to_start.asp
Web Templates,https://www.w3schools.com/w3css/w3css_templates.asp
Web Statistics,https://www.w3schools.com/browsers/default.asp
Web Certificates,https://www.w3schools.comhttps://campus.w3schools.com
Web Development,https://www.w3schools.com/whatis/default.asp
Code Editor,https://www.w3schools.com/tryit/default.asp
Test Your Typing Speed,https://www.w3schools.com/typingspeed/default.asp
Play a Code Game,https://www.w3schools.com/codegame/index.html
Cyber Security,https://www.w3schools.com/cybersecurity/index.php
Accessibility,https://www.w3schools.com/accessibility/index.php
Join our Newsletter,https://www.w3schools.comhttps://campus.w3schools.com/pages/newsletter
HTML,https://www.w3schools.com/html/html_exercises.asp
CSS,https://www.w3schools.com/css/css_exercises.asp
Bootstrap 3,https://www.w3schools.com/bootstrap/bootstrap_exercises.asp
Bootstrap 4,https://www.w3schools.com/bootstrap4/bootstrap_exercises.asp
Bootstrap 5,https://www.w3schools.com/bootstrap5/bootstrap_exercises.php
DSA,https://www.w3schools.com/dsa/dsa_exercises.php
NumPy,https://www.w3schools.com/python/numpy/numpy_exercises.asp
Pandas,https://www.w3schools.com/python/pandas/pandas_exercises.asp
SciPy,https://www.w3schools.com/python/scipy/scipy_exercises.php
Excel,https://www.w3schools.com/excel/excel_exercises.php
What is an Exercise?,https://www.w3schools.com/exercises/index.php
What is a Quiz?,https://www.w3schools.com/quiztest/default.asp
JavaScript,https://www.w3schools.com/js/js_exercises.asp
React,https://www.w3schools.com/react/react_exercises.asp
jQuery,https://www.w3schools.com/jquery/jquery_exercises.asp
Vue,https://www.w3schools.com/vue/vue_exercises.php
Python,https://www.w3schools.com/python/python_exercises.asp
SQL,https://www.w3schools.com/sql/sql_exercises.asp
MySQL,https://www.w3schools.com/mysql/mysql_exercises.asp
PHP,https://www.w3schools.com/php/php_exercises.asp
Java,https://www.w3schools.com/java/java_exercises.asp
C,https://www.w3schools.com/c/c_exercises.php
C++,https://www.w3schools.com/cpp/cpp_exercises.asp
C#,https://www.w3schools.com/cs/cs_exercises.php
R,https://www.w3schools.com/r/r_exercises.asp
Kotlin,https://www.w3schools.com/kotlin/kotlin_exercises.php
Django,https://www.w3schools.com/django/django_exercises.php
PostgreSQL,https://www.w3schools.com/postgresql/postgresql_exercises.php
TypeScript,https://www.w3schools.com/typescript/typescript_exercises.php
Git,https://www.w3schools.com/git/git_exercises.asp
Go,https://www.w3schools.com/go/go_exercises.php
MongoDB,https://www.w3schools.com/mongodb/mongodb_exercises.php
AWS Cloud,https://www.w3schools.com/aws/aws_exercises.php
DSA,https://www.w3schools.com/dsa/dsa_exercises.php
NumPy,https://www.w3schools.com/python/numpy/numpy_exercises.asp
Pandas,https://www.w3schools.com/python/pandas/pandas_exercises.asp
SciPy,https://www.w3schools.com/python/scipy/scipy_exercises.php
Excel,https://www.w3schools.com/excel/excel_exercises.php
What is an Exercise?,https://www.w3schools.com/exercises/index.php
What is a Quiz?,https://www.w3schools.com/quiztest/default.asp
HTML,https://www.w3schools.comhttps://campus.w3schools.com/collections/certifications/products/html-certificate
CSS,https://www.w3schools.comhttps://campus.w3schools.com/collections/certifications/products/css-certificate
Bootstrap 3,https://www.w3schools.comhttps://campus.w3schools.com/collections/certifications/products/bootstrap-3-certificate
Bootstrap 4,https://www.w3schools.comhttps://campus.w3schools.com/collections/certifications/products/bootstrap-4-certificate
Bootstrap 5,https://www.w3schools.comhttps://campus.w3schools.com/collections/certifications/products/bootstrap-5-certificate
DSA,https://www.w3schools.comhttps://campus.w3schools.com/products/dsa-certification-exam
Data Analytics,https://www.w3schools.comhttps://campus.w3schools.com/products/data-analytics-program
NumPy,https://www.w3schools.comhttps://campus.w3schools.com/products/numpy-certification-exam
Pandas,https://www.w3schools.comhttps://campus.w3schools.com/products/pandas-certification-exam
Excel,https://www.w3schools.comhttps://campus.w3schools.com/products/excel-certificate
Social Media,https://www.w3schools.comhttps://campus.w3schools.com/collections/course-best-sellers/products/social-media-marketing-course
What is a Certificate?,https://www.w3schools.comhttps://campus.w3schools.com
"Full Access
                    
                      Best Value!",https://www.w3schools.comhttps://campus.w3schools.com/collections/course-catalog/products/w3schools-full-access-course
Front End,https://www.w3schools.comhttps://campus.w3schools.com/collections/certifications/products/front-end-course
Web Dev.,https://www.w3schools.comhttps://campus.w3schools.com/collections/certifications/products/modern-web-development-certification
Web App,https://www.w3schools.comhttps://campus.w3schools.com/collections/certifications/products/web-application-development-certificates
Web Design,https://www.w3schools.comhttps://campus.w3schools.com/collections/certifications/products/web-design-certification
JavaScript,https://www.w3schools.comhttps://campus.w3schools.com/collections/certifications/products/javascript-certificate
React,https://www.w3schools.comhttps://campus.w3schools.com/collections/certifications/products/react-js-certificate
jQuery,https://www.w3schools.comhttps://campus.w3schools.com/collections/certifications/products/jquery-certificate
Vue,https://www.w3schools.comhttps://campus.w3schools.com/products/vue-js-certification-exam
"Full Access
                    
                      Best Value!",https://www.w3schools.comhttps://campus.w3schools.com/collections/course-catalog/products/w3schools-full-access-course
Front End,https://www.w3schools.comhttps://campus.w3schools.com/collections/certifications/products/front-end-certificate
Web Dev.,https://www.w3schools.comhttps://campus.w3schools.com/collections/certifications/products/modern-web-development-certification
Web App,https://www.w3schools.comhttps://campus.w3schools.com/collections/certifications/products/web-application-development-certificates
Web Design,https://www.w3schools.comhttps://campus.w3schools.com/collections/certifications/products/web-design-certification
"Full Access
                    
                      Best Value!",https://www.w3schools.comhttps://campus.w3schools.com/collections/course-catalog/products/w3schools-full-access-course
Front End,https://www.w3schools.comhttps://campus.w3schools.com/collections/certifications/products/front-end-certificate
Web Dev.,https://www.w3schools.comhttps://campus.w3schools.com/collections/certifications/products/modern-web-development-certification
Web App,https://www.w3schools.comhttps://campus.w3schools.com/collections/certifications/products/web-application-development-certificates
Web Design,https://www.w3schools.comhttps://campus.w3schools.com/collections/certifications/products/web-design-certification
Python,https://www.w3schools.comhttps://campus.w3schools.com/collections/certifications/products/python-certificate
SQL,https://www.w3schools.comhttps://campus.w3schools.com/collections/certifications/products/sql-certificate
MySQL,https://www.w3schools.comhttps://campus.w3schools.com/collections/certifications/products/mysql-certificate
PHP,https://www.w3schools.comhttps://campus.w3schools.com/collections/certifications/products/php-certificate
Java,https://www.w3schools.comhttps://campus.w3schools.com/collections/certifications/products/java-certificate
C,https://www.w3schools.comhttps://campus.w3schools.com/products/c-certification-exam
C++,https://www.w3schools.comhttps://campus.w3schools.com/collections/certifications/products/c-certificate
C#,https://www.w3schools.comhttps://campus.w3schools.com/collections/certifications/products/c-certificate-1
R,https://www.w3schools.comhttps://campus.w3schools.com/collections/course-catalog/products/r-course
Django,https://www.w3schools.comhttps://campus.w3schools.com/products/django-certification-exam
TypeScript,https://www.w3schools.comhttps://campus.w3schools.com/collections/certifications/products/typescript-certificate
XML,https://www.w3schools.comhttps://campus.w3schools.com/collections/certifications/products/xml-certificate
Cyber Security,https://www.w3schools.comhttps://campus.w3schools.com/collections/certifications/products/cyber-security-certificate
Accessibility,https://www.w3schools.comhttps://campus.w3schools.com/collections/certifications/products/accessibility-certificate
Python Apps on AWS,https://www.w3schools.comhttps://campus.w3schools.com/collections/course-best-sellers/products/building-modern-python-apps-on-aws
AWS Training,https://www.w3schools.com/training/aws/home/
DSA,https://www.w3schools.comhttps://campus.w3schools.com/products/dsa-certification-exam
Data Analytics,https://www.w3schools.comhttps://campus.w3schools.com/products/data-analytics-program
NumPy,https://www.w3schools.comhttps://campus.w3schools.com/products/numpy-course
Pandas,https://www.w3schools.comhttps://campus.w3schools.com/products/pandas-course
Excel,https://www.w3schools.comhttps://campus.w3schools.com/products/excel-certificate
Social Media,https://www.w3schools.comhttps://campus.w3schools.com/collections/course-best-sellers/products/social-media-marketing-course
What is a Certificate?,https://www.w3schools.comhttps://campus.w3schools.com
